French,English,Spanish,Italian,Portuguese,Greek,German,Norwegian,Dutch,Finnish,Swedish,Estonian,Croatian,Irish,Polish,Russian,Ukrainian,Hindi,Armenian,Japanese,Korean,Chinese,Arabic
"Pourriez-vous m’apporter le menu, s’il vous plaît??","Could you bring me the menu, please?","¿Me podría traer el menú, por favor?","Potresti portarmi il menu, per favore?","Você poderia me trazer o cardápio, por favor?","??????? ?? ??? ?????? ?? ?????, ????????;","Könnten Sie mir die Speisekarte bringen, bitte?","Kan du bringe meg menyen, vær så snill?","Kun je me de menukaart brengen, alstublieft?",,,,,,,,,,,,,,
Puis-je entrer??,May I come in?,¿Puedo entrar/pasar?,Posso entrare?,Posso entrar?,????? ?? ???;,Darf ich reinkommen?,Kan jeg komme inn?,Mag ik binnenkomen?,,,,,,,,,,,,,,
"Continuez, s'il vous plaît",Please continue,Continúa por favor,"Continua, per favore","Continue, por favor","?????????, ????????",Bitte fahren Sie fort,"Fortsett, vær så snill",Ga alsjeblieft door,,,,,,,,,,,,,,
Je suis français,I'm French,Soy francés,Sono francese,Sou francês,????? ??????,Ich bin Franzose,Jeg er fransk,Ik ben Frans,,,,,,,,,,,,,,
Je suis Maximilien,I am Maximilian,Yo soy Maximiliano,Io sono Massimiliano,Eu sou Maximiliano,????? ? ???????????,Ich bin Maximilian,Jeg er Maximiliano,Ik ben Maximiliaan,,,,,,,,,,,,,,
Leur jeu,Their game,Su juego,Il loro gioco,Seu jogo,?? ???????? ????,Ihr spiel,Deres spill,Hun spel,,,,,,,,,,,,,,
J’aime la couleur noire et bleue,I like the color black and blue,Me gusta el color negro y azul,Mi piacciono il nero e il blu,Eu gosto da cor preta e azul,??? ?????? ?? ????? ??? ?? ???? (Mou arési to mávro kai to ble),Ich mag die Farben Schwarz und Blau,Jeg liker svart og blå,Ik hou van zwart en blauw,,,,,,,,,,,,,,
Neuf,Nine,Nueve,Nove,Nove,?????,Neun,Ni,Negen,,,,,,,,,,,,,,
Seize,Sixteen,Dieciséis,Sedici,Dezesseis,???????,Sechzehn,Seksten,Zestien,,,,,,,,,,,,,,
Dix mille,Ten thousand,Diez mil,Diecimila,Dez mil,???? ????????,Zehntausend,Ti tusen,Tienduizend,,,,,,,,,,,,,,
Araignée,Spider,Araña,Ragno,Aranha,??????,Spinne,Edderkopp,Spin,,,,,,,,,,,,,,
Hareng,Herring,Arenque,Aringa,Arenque,?????,Hering,Sild,Haring,,,,,,,,,,,,,,
Bœuf,Ox,Buey,Bue,Boi,????,Ochse,Okse,Os,,,,,,,,,,,,,,
Maquereau,Mackerel,Caballa/sarda/xarda,Sgombro,Cavala,????????,Makrele,Makrell,Makreel,,,,,,,,,,,,,,
Cachalot,Sperm whale,Cachalote,Capodoglio,Cachalote,?????????,Pottwal,Spermhval,Potvis,,,,,,,,,,,,,,
Cerf,Deer,Ciervo,Cervo,Veado,?????,Hirsch,Hjort,Hert,,,,,,,,,,,,,,
Cigogne,Stork,Cigüeña,Cicogna,Cegonha,????????,Storch,Stork,Ooievaar,,,,,,,,,,,,,,
Caille,Quail,Codorniz,Quaglia,Codorniz,??????,Wachtel,Vaktel,Kwartel,,,,,,,,,,,,,,
Etourneau,Starling,Estornino,Storno,Estorninho,??????,Star,Stær,Spreeuw,,,,,,,,,,,,,,
Tique,Tick,Garrapata,Zecca,Carrapato,?????????,Zecke,Flått,Teek,,,,,,,,,,,,,,
Hérons,Heron,Garza,Airone,Garça,???????,Reiher,Hegre,Reiger,,,,,,,,,,,,,,
Gibbon,Gibbon,Gibón,Gibbone,Gibão,???????,Gibbon,Gibbon,Gibbon,,,,,,,,,,,,,,
Hirondelle,Swallow,Golondrina,Rondine,Andorinha,????????,Schwalbe,Løvesvale,Zwaluw,,,,,,,,,,,,,,
Moineau,Sparrow,Gorrion,Passero,Pardal,?????????,Spatz,Spurv,Mus,,,,,,,,,,,,,,
Langouste,Locust,Langosta,Locusta,Lagosta,?????? (Akrída),Heuschrecke,Gresshoppe,Sprinkhaan,,,,,,,,,,,,,,
Sole,Sole,Lenguado(pez),Sogliola,Linguado,?????? (Glóssa),Seezunge,Sjøtunge,Tong,,,,,,,,,,,,,,
Lièvre,Hare,Liebre,Lepre,Lebre,????? (Lagós),Hase,Hare,Haas,,,,,,,,,,,,,,
Mangouste,Mongoose,Mangosta,Mangusta,Mangusto,????????? (Magkústa),Manguste,Mungo,Mangoest,,,,,,,,,,,,,,
Raie,Skate,Mantaraya,Razza,Arraia,?????? (Saláchi),Rochen,Skates,Rog,,,,,,,,,,,,,,
Martin-pêcheur,Kingfisher,Martín pescador,Martin pescatore,Guarda-rios,??????? (Alkyóni),Eisvogel,Isfugl,IJsvogel,,,,,,,,,,,,,,
Moule,Blue mussel,Mejillón,Mitilo,Mexilhão,???? (Mýdi),Miesmuschel,Blåskjell,Mossel,,,,,,,,,,,,,,
Mérou,Grouper,Mero,Cernia,Garoupa,????? (Rofós),Zackenbarsch,Havabbor,Zeebaars,,,,,,,,,,,,,,
Mouche,Fly,Mosca,Mosca,Mosca,???? (Mýga),Fliege,Flue,Vlieg,,,,,,,,,,,,,,
Loutre,Otter,Nutria,Lontra,Lontra,????? (Vídra),Otter,Oter,Otter,,,,,,,,,,,,,,
Mouton,Sheep,Oveja,Pecora,Ovelha,??????? (Próvato),Schaf,Sau,Schaap,,,,,,,,,,,,,,
Perdrix,Partridge,Perdiz(fem),Pernice,Perdiz,??????? (Pérdika),Rebhuhn,Rapphøne,Patrijs,,,,,,,,,,,,,,
Pinson,Finch,Pinzón,Fringuello,Tentilhão,?????? (Spínos),Fink,Fink,Vink,,,,,,,,,,,,,,
Pou(x),Louse/lice,Piojo/s,Pidocchio,Piolho/s,????? (Psíra),Laus/Läuse,Lus/lus,Luis/luizen,,,,,,,,,,,,,,
Porc-épic,Porcupine,Puerco espín,Porcospino,Porco-espinho,???????????? (Akanthóchoiros),Stachelschwein,Pinnsvin,Stokstaartje,,,,,,,,,,,,,,
Puce,Flea,Pulga,Pulce,Pulga,?????? (Psýllos),Floh,Loppe,Vlo,,,,,,,,,,,,,,
Puma,Cougar,Puma,Puma,Puma,????? (Púma),Puma,Puma,Poema,,,,,,,,,,,,,,
Ouistiti,Marmoset,Tití,Tamarino,Sagui,????????? (Marmozéta),Krallenaffe,Silkeape,Zijdeaapje,,,,,,,,,,,,,,
Truite,Trout,Trucha,Trota,Truta,???????? (Péstrofa),Forelle,Ørret,Forel,,,,,,,,,,,,,,
Élan,Elk,Uapití,Wapiti,Uapiti,??? (Élk),Elch,Elg,Wapiti,,,,,,,,,,,,,,
Vache,Cow,Vaca,Mucca,Vaca,??????? (Ageláda),Kuh,Ku,Koe,,,,,,,,,,,,,,
Martinet,Swift,Vencejo,Rondone,Andorinhão,???????? (Stachtári),Mauersegler,Seiler,Gierzwaluw,,,,,,,,,,,,,,
Opossum,Opossum,Zarigüeya/tlacuache,Opossum,Gambá,??????? (Opossám),Opossum,Pungdyr,Opossum,,,,,,,,,,,,,,
Sapin,Fir,Abeto,Abete,Abeto,????? (Eláti),Tanne,Gran,Spar,,,,,,,,,,,,,,
Gland,Acorn,Bellota,Ghianda,Bolota,???????? (Velanídi),Eichel,Kongle,Eikel,,,,,,,,,,,,,,
Œillet,Carnation,Clavel,Garofano,Cravo,????????? (Garýfallo),Nelke,Nellik,Anjer,,,,,,,,,,,,,,
Jonquille,Daffodil,Narciso,Narciso,Narciso,????????? (Asfódelos),Narzisse,Påskelilje,Narcis,,,,,,,,,,,,,,
Épicéa,Spruce,Pícea,Abete rosso,Espruce,?????????? (Erythreláti),Fichte,Gran,Spar,,,,,,,,,,,,,,
Abattu / Découragé,Downcast / Dejected,Abatido,Abbattuto,Abatido,??????? / ??????????????,Niedergeschlagen,Nedtrykt / Nedslått,Neerslachtig / Terneergeslagen,,,,,,,,,,,,,,
Absurde,Absurd,Absurdo,Assurdo,Absurdo,?????????,Absurd,Absurd,Absurd,,,,,,,,,,,,,,
Ennuyé,Bored,Aburrido,Annoiato,Entediado,???????,Gelangweilt,Kjedelig,Verveeld,,,,,,,,,,,,,,
Endolori,Sore,Adolorido,Dolorante,Dolorido,?????????,Schmerzend,Sår,Pijnlijk,,,,,,,,,,,,,,
Audacieux,Bold,Atrevido,Audace,Ousado,????????,Kühn,Dristig,Dapper,,,,,,,,,,,,,,
Curieux,Curious,Curioso,Curioso,Curioso,????????? (Períergos),Neugierig,Nysgjerrig,Nieuwsgierig,,,,,,,,,,,,,,
Élastique,Elastic,Elástico,Elastico,Elástico,????????? (Elastikós),Elastisch,Elastisk,Elastisch,,,,,,,,,,,,,,
Inactif,Idle,Inactivo,Inattivo,Inativo,??????? (Adranís),Untätig,Inaktiv,Inactief,,,,,,,,,,,,,,
Invisible,Invisible,Invisible,Invisibile,Invisível,??????? (Aóratos),Unsichtbar,Usynlig,Onzichtbaar,,,,,,,,,,,,,,
Mielleux/Mielleuse,Mellifluous,Melifluo/a,Melifluo/a,Melífluo/a,????????????? (Melistálaktos),Honigsüß,Mellifluøs,Zoetvloeiend,,,,,,,,,,,,,,
Cassant,Brittle,Quebradizo,Fragile,Quebradiço,?????????? (Éfthrafstos),Zerbrechlich,Skjør,Breekbaar,,,,,,,,,,,,,,
Geignard,Whining,Quejumbroso,Lamentoso,Lamuriante,?????????? (Gkriniáris),Jammernd,Klynkende,Zeurderig,,,,,,,,,,,,,,
Relatif,Relative,Relativo,Relativo,Relativo,???????? (Schetikós),Relativ,Relativ,Relatief,,,,,,,,,,,,,,
Saccharifère,Sugar-bearing,Sacarífero,Zuccherifero,Sacarífero,??????????? (Zacharofóros),Zuckerhaltig,Sukkerholdig,Suikerdragend,,,,,,,,,,,,,,
Sacrilège,Sacrilegious,Sacrílego,Sacrilego,Sacrílego,????????? (Ierosylía),Sakrilegisch,Sakrileg,Heiligschennend,,,,,,,,,,,,,,
Sagittaire,Sagittarius,Sagitario,Sagittario,Sagitário,??????? (Toxótis),Schütze,Skytten,Boogschutter,,,,,,,,,,,,,,
Salin,Saline,Salino,Salino,Salino,????????? (Alatoúchos),Salzig,Salt,Zoutachtig,,,,,,,,,,,,,,
Saillant,Bulging,Saltón,Sporgente,Saltão,????????? (Proexéchon),Hervortretend,Utsående,Uitpuilend,,,,,,,,,,,,,,
Saignant,Bleeding,Sangrante,Sanguinante,Sangrento,?????????? (Aimorragón),Blutend,Blødende,Bloedend,,,,,,,,,,,,,,
Saturé,Crowded,Saturado,Affollato,Saturado,???????,Überfüllt,Overfylt,Overvol,,,,,,,,,,,,,,
Sec,Dry,Seco,Secco,Seco,???????,Trocken,Tørr,Droog,,,,,,,,,,,,,,
Moissonneur,Reaper,Segador,Mietitore,Ceifeiro,????????,Schnitter,Høstemann,Maaiër,,,,,,,,,,,,,,
Ensemencé,Sown,Sembrado,Seminato,Semeado,?????????,Gesät,Sådd,Gezaaid,,,,,,,,,,,,,,
Supérieur,Higher,Superior,Superiore,Superior,????????,Höher,Høyere,Hoger,,,,,,,,,,,,,,
Redoutable,Fearsome,Temible,Temibile,Temível,???????????,Furchterregend,Fryktinngytende,Angstaanjagend,,,,,,,,,,,,,,
Faible,Faint,Tenue,Tenue,Tênue,?????,Schwach,Svak,Zwak,,,,,,,,,,,,,,
Têtu,Stubborn,Terco,Testardo,Teimoso,???????????,Sturköpfig,Sta,Koppig,,,,,,,,,,,,,,
Têtu,Stubborn/Strong-headed,Testarudo,Testardo,Teimoso,???????????,Sturköpfig,Sta / Vrang,Koppig,,,,,,,,,,,,,,
Rugueux,Rough,Tosco,Rozzo,Grosseiro,??????,Grob,Rå,Ruw,,,,,,,,,,,,,,
Transparent,Transparent,Transparente,Trasparente,Transparente,????????,Transparent,Gjennomsiktig,Transparant,,,,,,,,,,,,,,
Éventé,Stale,Viciado,Viziato,Viciado,???????,Abgestanden,Bedervet,Muf,,,,,,,,,,,,,,
Écouteurs,Headphones,Audífonos,Cuffie,Fones de ouvido,?????????,Kopfhörer,Hodetelefoner,Koptelefoon,,,,,,,,,,,,,,
Fouet,Whisk,Batidor,Frullino,Batedor,???????,Schneebesen,Visp,Garde,,,,,,,,,,,,,,
Malle,Trunk,Baúl,Baule,Baú,????????,Koffer,Koffert,Koffer,,,,,,,,,,,,,,
Charnière,Hinge,Bisagra,Cerniera,Dobradiça,???????,Scharnier,Henge,Scharnier,,,,,,,,,,,,,,
Boîtes hermétiques,Canisters,Botes herméticos,Barattoli ermetici,Recipientes herméticos,???????? ??????,Dosen,Hermetiske bokser,Bewaardozen,,,,,,,,,,,,,,
Tiroir,Drawer,Cajón,Cassetto,Gaveta,???????,Schublade,Skuff,La,,,,,,,,,,,,,,
Cuisinière électrique,Electric range,Cocina eléctrica,Cucina elettrica,Fogão elétrico,????????? ???????,Elektroherd,Elektrisk komfyr,Elektrisch fornuis,,,,,,,,,,,,,,
Coussin,Cushion,Cojín,Cuscino,Almofada,??????????,Kissen,Pute,Kussen,,,,,,,,,,,,,,
Passoire fine,Fine mesh strainer,Colador fino,Colino a maglia fine,Peneira fina,????? ?????????,Feines Sieb,Sil,Fijne zeef,,,,,,,,,,,,,,
Verre à eau,Water goblet,Copa de agua,Calice per acqua,Taça de água,?????? ?????,Wasserglas,Vannbeger,Watergoblet,,,,,,,,,,,,,,
Verre à brandy,Brandy snifter,Copa de brandy,Calice per brandy,Taça de conhaque,?????? ???????,Brandyglas,Brandybeger,Brandyglas,,,,,,,,,,,,,,
Coupe-ongles,Nail clippers,Cortaúñas,Tagliaunghie,Cortador de unhas,?????? ??????,Nagelknipser,Neglebiter,Nagelknipper,,,,,,,,,,,,,,
Cuillère,Spoon,Cuchara,Cucchiaio,Colher,???????,Löffel,Skje,Lepel,,,,,,,,,,,,,,
Berceau,Crib,Cuna,Culla,Berço,??????,Kinderbett,Barneseng,Wieg,,,,,,,,,,,,,,
Garde-manger,Pantry,Despensa,Dispensa,Despensa,????????,Speisekammer,Spiskammer,Voorraadkast,,,,,,,,,,,,,,
Passoire,Colander,Escurridor,Colino,Escorredor,?????????,Sieb,Dørslag,Vergiet,,,,,,,,,,,,,,
Vernis à ongles,Nail polish,Esmalte de uñas,Smalto per unghie,Esmalte,??????? ??????,Nagellack,Neglelakk,Nagellak,,,,,,,,,,,,,,
Étagères,Shelving,Estantería,Scaffalatura,Prateleira,?????,Regal,Hyller,Planken,,,,,,,,,,,,,,
Carafe,Decanter,Garrafa,Caraffa,Garrafa,??????,Karaffe,Karaffel,Karaf,,,,,,,,,,,,,,
Agrafeuse,Stapler,Grapadora,Cucitrice,Grampeador,???????????,Hefter,Stiftemaskin,Nietmachine,,,,,,,,,,,,,,
Four à micro-ondes,Microwave oven,Horno de microondas,Forno a microonde,Forno de micro-ondas,??????? ????????????,Mikrowellenherd,Mikrobølgeovn,Magnetron,,,,,,,,,,,,,,
Porte-savon,Soap dish,Jabonera,Portasapone,Saboneteira,?????? ?????????,Seifenschale,Såpekopp,Zeepbakje,,,,,,,,,,,,,,
Porte-clés,Key chain,Llavero,Portachiavi,Chaveiro,???????,Schlüsselbund,Nøkkelring,Sleutelhanger,,,,,,,,,,,,,,
Poignée de porte,Doorknob,Manilla,Maniglia,Maçaneta,??????? ??????,Türklinke,Dørhåndtak,Deurknop,,,,,,,,,,,,,,
Pièce de monnaie,Coin,Moneda,Moneta,Moeda,???????,Münze,Mynt,Munt,,,,,,,,,,,,,,
Porte-monnaie,Purse,Monedero,Portamonete,Carteira,?????????,Geldbörse,Pung,Portemonnee,,,,,,,,,,,,,,
Marmite,Pot,Olla,Pentola,Panela,?????????,Topf,Gryte,Pan,,,,,,,,,,,,,,
Barrette,Barrette,Pasador,Fermaglio,Grampo,????,Haarklammer,Hårspenne,Haarspeld,,,,,,,,,,,,,,
Pince,Clip,Pinza,Molletta,Clipe,??????????,Klammer,Klype,Clip,,,,,,,,,,,,,,
Souvenirs,Regards,Recuerdos,Ricordi,Lembranças,???????????,Grüße,Hilsener,Groeten,,,,,,,,,,,,,,
Rouleau à pâtisserie,Rolling pin,Rodillo,Matterello,Rolo,???????,Nudelholz,Kjevle,Deegroller,,,,,,,,,,,,,,
Drap,Sheet,Sábana,Lenzuolo,Lençol,???????,Bettlaken,Laken,Laken,,,,,,,,,,,,,,
Tabouret,Stool,Taburete,Sgabello,Banqueta,??????,Hocker,Krakk,Kruk,,,,,,,,,,,,,,
Talc,Talcum powder,Talco,Talco,Talco,????,Talkumpuder,Talkumpudder,Talkpoeder,,,,,,,,,,,,,,
Couvercle,Lid,Tapa,Coperchio,Tampa,??????,Deckel,Lokk,Deksel,,,,,,,,,,,,,,
Tapis,Rug,Tapete,Tappeto,Tapete,????,Teppich,Teppe,Tapijt,,,,,,,,,,,,,,
Bouchon,Plug,Tapón,Tappo,Tampa,?????,Stöpsel,Propp,Stop,,,,,,,,,,,,,,
J'ai un cadeau pour toi,I have a gift for you,Tengo un regalo para ti,Ho un regalo per te,Tenho um presente para você,??? ??? ???? ??? ????,Ich habe ein Geschenk für dich,Jeg har en gave til deg,Ik heb een cadeau voor je,,,,,,,,,,,,,,
Body,Teddy,Canesú,Canottiera,Body,???????,Teddy,Teddy,Teddy,,,,,,,,,,,,,,
Corset,Courselette,Faja con sostén,Reggiseno,Cinta com sutiã,?????? ?? ???????,Mieder,Korsett,Corselet,,,,,,,,,,,,,,
Guêpière,Panty corselette,Faja corsé,Bustino,Cinta corset,??????,Korsett,Korsett,Panty corselet,,,,,,,,,,,,,,
Jeans,Jeans,Jeans,Jeans,Jeans,????,Jeans,Jeans,Spijkerbroek,,,,,,,,,,,,,,
Porte-jarretelles,Garter belt,Liguero,Reggicalze,Cinta-liga,????????,Strumpfhalter,Strømpeholder,Jarretel,,,,,,,,,,,,,,
Grenouillère,Blanket sleepers,Mameluco/pelele,Tutina,Macacão,???????,Strampler,Drakter,Pyjama,,,,,,,,,,,,,,
Bas,Stocking,Media,Calza,Meia,??????,Strumpf,Strømpe,Kous,,,,,,,,,,,,,,
Bas résille,Net stocking,Media de malla,Calza a rete,Meia de rede,?????? ??????,Netzstrumpf,Netstrømpe,Netkous,,,,,,,,,,,,,,
Collants,Hose,Medias,Calze,Meias,???????,Strümpfe,Strømper,Kousen,,,,,,,,,,,,,,
Chapeau à larges bords,Cartwheel hat,Pamela,Cappello a larghe tese,Chapéu de aba larga,??????,Strohhut,Bredbremmet hatt,Hoed met brede rand,,,,,,,,,,,,,,
Pantoufle,Mule,Pantufla,Pantofola,Chinelo,????????,Pantoffel,Tøffel,Mule,,,,,,,,,,,,,,
Boucle d'oreille,Tendril,Pendiente/Zarcillo,Pendente,Brinco,??????????,Ohrring,Ørering,Rank,,,,,,,,,,,,,,
Bretelle,Strap,Tirante,Cinghia,Alça,???????,Träger,Stropp,Band,,,,,,,,,,,,,,
Beau-père,Father-in-law,Suegro,Suocero,Sogro,???????,Schwiegervater,Svigerfar,Schoonvader,,,,,,,,,,,,,,
Questions,Questions,Preguntas,Domande,Perguntas,?????????,Fragen,Spørsmål,Vragen,,,,,,,,,,,,,,
Quand ?,When?,¿Cuándo?,Quando?,Quando?,????;,Wann?,Når?,Wanneer?,,,,,,,,,,,,,,
Peut-être,Perhaps/Maybe,Tal vez,Forse,Talvez,????,Vielleicht,Kanskje,Misschien,,,,,,,,,,,,,,
Seconde,Second,Segundo,Secondo,Segundo,????????????,Sekunde,Sekund,Seconde,,,,,,,,,,,,,,
Mardi,Tuesday,Martes,Martedì,Terça-feira,?????,Dienstag,Tirsdag,Dinsdag,,,,,,,,,,,,,,
Février,February,Febrero,Febbraio,Fevereiro,???????????,Februar,Februar,Februari,,,,,,,,,,,,,,
De plus,What's more/Besides that,Además,Inoltre,Além disso,????????,Außerdem,Dessuten,Bovendien,,,,,,,,,,,,,,
Le meilleur,The best,El mejor,Il migliore,O melhor,? ?????????,Der Beste,Den beste,De beste,,,,,,,,,,,,,,
Au centre,In the center of,En el centro,Nel centro,No centro,??? ??????,Im Zentrum,I midten,In het midden van,,,,,,,,,,,,,,
Plein de,Full of,Lleno de,Pieno di,Cheio de,??????? ???,Voll von,Full av,Vol met,,,,,,,,,,,,,,
Par le biais de,Through,Mediante,Mediante,Mediante,????,Durch,Gjennom,Via,,,,,,,,,,,,,,
Évidemment,Obviously,Obviamente,Ovviamente,Obviamente,????????,Offensichtlich,Åpenbart,Uiteraard,,,,,,,,,,,,,,
Probablement,Probably,Probablemente,Probabilmente,Provavelmente,??????????,Wahrscheinlich,Sannsynligvis,Waarschijnlijk,,,,,,,,,,,,,,
Sans,Without,Sin,Senza,Sem,?????,Ohne,Uten,Zonder,,,,,,,,,,,,,,
Cinéma,Movie theater,Cine,Cinema,Cinema,??????????????,Kino,Kino,Bioscoop,,,,,,,,,,,,,,
Igloo,Igloo,Iglú,Igloo,Igloo,??????,Iglu,Iglo,Iglo,,,,,,,,,,,,,,
Musée,Museum,Museo,Museo,Museu,???????,Museum,Museum,Museum,,,,,,,,,,,,,,
Quai,Dock,Muelle,Molo,Cais,????????,Dock,Kai,Dok,,,,,,,,,,,,,,
Quartier,Neighborhood,Vecindad,Quartiere,Vizinhança,????????,Nachbarschaft,Nabolag,Buurt,,,,,,,,,,,,,,
Piédestal,Plinth,Zócalo,Zoccolo,Plinto,?????,Sockel,Sokkel,Plint,,,,,,,,,,,,,,
,,,,,,,,,,,,,,,,,,,,,,
Abdomen,Abdomen,Abdomen,Addome,Abdômen,??????,Bauch,Mage,Buik,,,,,,,,,,,,,,
Barbe,Beard,Barba,Barba,Barba,????????,Bart,Skjegg,Baard,,,,,,,,,,,,,,
Majeur,Middle finger,Dedo del corazón,Dito medio,Dedo médio,????? ????????,Mittelfinger,Langfinger,Middelvinger,,,,,,,,,,,,,,
Aine,Groin,Ingle,Inguine,Virilha,????????,Leiste,Lyske,Lies,,,,,,,,,,,,,,
Nuque,Nape,Nuca,Nuca,Nuca,???????,Nacken,Nakke,Nek,,,,,,,,,,,,,,
Omoplate,Shoulder blade,Omóplato/escápula,Scapola,Omoplata/escápula,????????,Schulterblatt,Skulderblad,Schouderblad,,,,,,,,,,,,,,
Cil,Eyelash,Pestaña,Ciglia,Cílio,?????????,Wimper,Øyenvipper,Wimper,,,,,,,,,,,,,,
Tempe,Temple,Sien,Tempia,Têmpora,????????,Schläfe,Tinning,Slaap,,,,,,,,,,,,,,
Tissu musculaire,Muscle tissue,Tejido muscular,Tessuto muscolare,Tecido muscular,?????? ?????,Muskelgewebe,Muskelvev,Spierweefsel,,,,,,,,,,,,,,
Testicule,Testicle,Testículo,Testicolo,Testículo,?????,Hoden,Testikkel,Testikel,,,,,,,,,,,,,,
Tympan,Eardrum,Tímpano,Timpano,Tímpano,????????? ????????,Trommelfell,Trommehinne,Trommelvlies,,,,,,,,,,,,,,
Cheville,Ankle,Tobillo,Caviglia,Tornozelo,??????????,Knöchel,Ankel,Enkel,,,,,,,,,,,,,,
Ulcère,Sore,Úlcera,Piaga,Úlcera,?????,Geschwür,Sår,Zweer,,,,,,,,,,,,,,
Vagin,Vagina,Vagina,Vagina,Vagina,??????,Vagina,Skjede,Vagina,,,,,,,,,,,,,,
Vessie,Bladder,Vejiga,Vescica,Bexiga,????????? ?????,Blase,Blære,Blaas,,,,,,,,,,,,,,
Vésicule,Gallbladder,Vesícula,Cistifellea,Vesícula,????????? ?????,Gallenblase,Galleblære,Galblaas,,,,,,,,,,,,,,
Viscère,Viscera,Víscera,Viscera,Víscera,????????,Eingeweide,Innvoller,Ingewanden,,,,,,,,,,,,,,
Rougeole,Measles,Sarampión,Morbillo,Sarampo,?????,Masern,Meslinger,Mazelen,,,,,,,,,,,,,,
Gale,Scabies,Sarna,Scabbia,Sarna,????,Krätze,Skabb,Schurft,,,,,,,,,,,,,,
Éruption cutanée,Rash,Sarpullido,Eruzione cutanea,Erupção cutânea,????????,Ausschlag,Utslett,Uitslag,,,,,,,,,,,,,,
Bette,Chard,Acelga,Bietola,Acelga,????????,Mangold,Mangold,Snijbiet,,,,,,,,,,,,,,
Basilic,Basil,Albahaca,Basilico,Manjericão,?????????,Basilikum,Basilikum,Basilicum,,,,,,,,,,,,,,
Aubergine,Eggplant,Berenjena,Melanzana,Berinjela,?????????,Aubergine,Aubergine,Aubergine,,,,,,,,,,,,,,
Viande,Meat,Carne,Carne,Carne,?????,Fleisch,Kjøtt,Vlees,,,,,,,,,,,,,,
Orge,Barley,Cebada,Orzo,Cevada,???????,Gerste,Bygg,Gerst,,,,,,,,,,,,,,
Oignon jaune,Yellow onion,Cebolla amarilla,Cipolla gialla,Cebola amarela,??????? ????????,Gelbe Zwiebel,Gul løk,Gele ui,,,,,,,,,,,,,,
Prune,Plum,Ciruela,Prugna,Ameixa,?????????,Pflaume,Plomme,Pruim,,,,,,,,,,,,,,
Cuit,Cooked,Cocido,Cotto,Cozido,????,Gekocht,Kokt,Gekookt,,,,,,,,,,,,,,
Chou chinois,Pe-tsai,Col china,Cavolo cinese,Couve-chinesa,???????? ??????,Chinakohl,Kinakål,Chinese kool,,,,,,,,,,,,,,
Cumin,Cumin,Comino,Cumino,Cominho,??????,Kreuzkümmel,Spisskummen,Komijn,,,,,,,,,,,,,,
Spaghetti,Spaghetti,Espagueti,Spaghetti,Espaguete,????????,Spaghetti,Spagetti,Spaghetti,,,,,,,,,,,,,,
Asperges,Asparagus,Espárragos,Asparagi,Aspargos,?????????,Spargel,Asparges,Asperges,,,,,,,,,,,,,,
Grenade,Pomegranate,Granada,Melagrana,Romã,????,Granatapfel,Granateple,Granaatappel,,,,,,,,,,,,,,
Groseille,Currant,Grosella,Ribes,Groselha,?????????????,Johannisbeere,Rips,Bes,,,,,,,,,,,,,,
Corossol,Soursop,Guanábana,Guanábana,Graviola,????????????,Sauersack,Sursop,Zuurzak,,,,,,,,,,,,,,
Fèves,Broad beans,Habas,Fave,Fava,??????,Saubohnen,Brede bønner,Tuinbonen,,,,,,,,,,,,,,
Haricots verts,String beans,Habichuelas,Fagiolini,Feijão verde,?????????,Stangenbohnen,Stringbønner,Sperziebonen,,,,,,,,,,,,,,
Jambon serrano,Prosciutto,Jamón serrano,Prosciutto crudo,Presunto serrano,????????,Serranoschinken,Serranoskinke,Serranoham,,,,,,,,,,,,,,
Laurier,Sweet bay,Laurel,Alloro,Louro,?????,Lorbeer,Laurbærblad,Laurier,,,,,,,,,,,,,,
Filet,Tenderloin roast,Lomo,Lombata,Lombo,??????,Lendenbraten,Mørbrad,Lendenbraad,,,,,,,,,,,,,,
Navet,Turnip,Nabo,Rapa,Nabo,???????,Rübe,Kålrot,Raap,,,,,,,,,,,,,,
Nèfle du Japon,Japanese plum,Níspero,Nespola,Ameixa japonesa,??????????,Japanische Pflaume,Japansk plomme,Japanse pruim,,,,,,,,,,,,,,
Cornichon,Gherkin,Pepinillo,Cetriolino,Pepino em conserva,?????,Gewürzgurke,Småagurk,Augurk,,,,,,,,,,,,,,
Persil,Parsley,Perejil,Prezzemolo,Salsa,?????????,Petersilie,Persille,Peterselie,,,,,,,,,,,,,,
Poireau,Leek,Puerro,Porro,Alho-poró,?????,Lauch,Purre,Prei,,,,,,,,,,,,,,
Sauge,Sage,Salvia,Salvia,Sálvia,??????????,Salbei,Salvie,Salie,,,,,,,,,,,,,,
Pastèque,Watermelon,Sandía,Anguria,Melancia,????????,Wassermelone,Vannmelon,Watermeloen,,,,,,,,,,,,,,
Pamplemousse rose,Pink grapefruit,Toronja,Pompelmo,Toranja,???????????,Grapefruit,Rosa grapefrukt,Roze grapefruit,,,,,,,,,,,,,,
Vanille,Vanilla,Vainilla,Vaniglia,Baunilha,???????,Vanille,Vanilje,Vanille,,,,,,,,,,,,,,
Vodka,Vodka,Vodka,Vodka,Vodca,?????,Wodka,Vodka,Vodka,,,,,,,,,,,,,,
Hôtesse de l'air,Stewardess,Aeromoza,Assistente di volo,Aeromoça,???????????,Stewardess,Flyvertinne,Stewardess,,,,,,,,,,,,,,
Musicien,Musician,Músico,Musicista,Músico,????????,Musiker/Musikerin,Musiker,Muzikant,,,,,,,,,,,,,,
Princesse,Princess,Princesa,Principessa,Princesa,???????????,Prinzessin,Prinsesse,Prinses,,,,,,,,,,,,,,
Programmeur,Programmer,Programador,Programmatore,Programador,???????????????,Programmierer,Programmerer,Programmeur,,,,,,,,,,,,,,
Tailleur,Tailor,Sastre,Sarto,Alfaiate,??????,Schneider,Skredder,Kleermaker,,,,,,,,,,,,,,
Théologien,Theologian,Teólogo,Teologo,Teólogo,????????,Theologe,Teolog,Theoloog,,,,,,,,,,,,,,
Arpenteur,Surveyor,Topógrafo,Agrimensore,Topógrafo,??????????,Vermesser,Landmåler,Landmeter,,,,,,,,,,,,,,
Employé,Employee,Trabajador,Dipendente,Empregado,?????????,Angestellter,Ansatt,Werknemer,,,,,,,,,,,,,,
Vétérinaire,Veterinarian,Veterinario,Veterinario,Veterinário,??????????,Tierarzt,Veterinær,Dierenarts,,,,,,,,,,,,,,
Se précipiter,Pounce,Abalanzarse,Balzare,Arremessar-se,??????,Sich stürzen,Lunge,Toe springen,,,,,,,,,,,,,,
Englober,Encompass/comprehend,Abarcar,Comprendere,Abranger,???????????,Umfassen,Omfatte,Omvatten,,,,,,,,,,,,,,
Remplir,Cram,Abarrotar,Affollare,Lotar,??????,Überfüllen,Proppe,Volproppen,,,,,,,,,,,,,,
Approvisionner,Supply,Abastecer,Rifornire,Abastecer,?????????,Versorgen,Forsyne,Bevoorraden,,,,,,,,,,,,,,
Abattre,Bring down,Abatir,Abbattere,Abater,??????????,Niederringen,Felle,Neerhalen,,,,,,,,,,,,,,
Bigarrer,Variegate,Abigarrar,Variegare,Variar,????????,Bunt machen,Brokere,Bont maken,,,,,,,,,,,,,,
Conduire,Lead,Abocar,Condurre,Conduzir,?????,Führen,Lede,Leiden,,,,,,,,,,,,,,
Cabosser,Dent,Abollar,Ammaccare,Amassar,??????????,Einbeulen,Mekke,Deuken,,,,,,,,,,,,,,
Abriter,Shelter,Abrigar,Riparare,Abrigar,??????????,Schutz bieten,Gi ly,Beschermen,,,,,,,,,,,,,,
Faire briller,Polish,Abrillantar,Lucidare,Polir,???????,Polieren,Polere,Oppoetsen,,,,,,,,,,,,,,
Attacher,Fasten,Abrochar,Allacciare,Abotoar,????????,Befestigen,Feste,Vastmaken,,,,,,,,,,,,,,
Accabler,Overwhelm,Abrumar,Sopraffare,Oprimir,??????????,Überwältigen,Overvelde,Overweldigen,,,,,,,,,,,,,,
S'abstenir,Refrain,Abstenerse,Astenersi,Abster-se,?????,Sich enthalten,Avstå,Zich onthouden,,,,,,,,,,,,,,
Huer,Jeer,Abuchear,Fischiare,Vaiar,???????,Ausbuhen,Håne,Uitjouwen,,,,,,,,,,,,,,
Accaparer,Hoard,Acaparar,Accumulare,Acumular,??????,Horten,Hamstre,Hamsteren,,,,,,,,,,,,,,
Caresser,Caress,Acariciar,Accarezzare,Acariciar,???????,Streicheln,Kose med,Strelen,,,,,,,,,,,,,,
Respecter,Abide,Acatar,Rispettare,Acatar,????,Befolgen,Overholde,Nakomen,,,,,,,,,,,,,,
Accumuler,Affluent,Acaudar,Accumulare,Afluir,????????,Vermögend,Velstående,Rijk zijn,,,,,,,,,,,,,,
Accoupler,Couple,Acoplar,Accoppiare,Acoplar,??????,Koppeln,Koble,Koppelen,,,,,,,,,,,,,,
Allonger,Lay down,Acostar,Coricare,Deitar,???????,Hinlegen,Legge ned,Naar bed brengen,,,,,,,,,,,,,,
Poignarder,Slash,Acuchillar,Accoltellare,Esfaquear,?????????,Aufschlitzen,Skjære,Afslachten,,,,,,,,,,,,,,
Avancer,Advance,Adelantar,Avanzare,Avançar,???????,Vorrücken,Fremskynde,Vooruitgaan,,,,,,,,,,,,,,
Endetter,Debit,Adeudar,Debitare,Debitar,??????,Belasten,Debetere,Debiteren,,,,,,,,,,,,,,
Adhérer,Adhere,Adherir,Aderire,Aderir,?????????,Haften,Henge fast,Hechten,,,,,,,,,,,,,,
Adorer,Worship/love,Adorar,Adorare,Adorar,???????,Verehren/lieben,Tilbe / Elsker,Aanbidden,,,,,,,,,,,,,,
Flatter,Flatter,Adular,Adulare,Adular,????????,Schmeicheln,Smigre,Vleien,,,,,,,,,,,,,,
Effrayer,Frighten,Asustar,Spaventare,Assustar,???????,Erschrecken,Skremme,Bang maken,,,,,,,,,,,,,,
Délaisser,Fade,Desatender/descolorar,Sbiadire,Desbotar,?????????,Verblassen,Fade,Vervagen,,,,,,,,,,,,,,
Comprendre,Understand,Entender,Capire,Entender,???????????,Verstehen,Forstå,Begrijpen,,,,,,,,,,,,,,
Écouter,Listen,Escuchar,Ascoltare,Ouvir,?????,Hören,Lytte,Luisteren,,,,,,,,,,,,,,
Crier,Shout out,Gritar,Gridare,Gritar,??????,Schreien,Rope,Schreeuwen,,,,,,,,,,,,,,
Aimer,Like,Gustar,Piacere,Gostar,??? ??????,Mögen,Like,Leuk vinden,,,,,,,,,,,,,,
Appeler,Call,Llamar,Chiamare,Chamar,????,Anrufen,Ringe,Bellen,,,,,,,,,,,,,,
Gronder,Nag,Regañar,Sgridare,Ralhar,?????????,Nörgeln,Kjefte,Zeuren,,,,,,,,,,,,,,
Rire,Laugh,Reír,Ridere,Rir,????,Lachen,Le,Lachen,,,,,,,,,,,,,,
Sortir,Take out/sweep off,Sacar,Tirare fuori,Tirar,?????,Herausnehmen,Ta ut,Uithalen/vegen,,,,,,,,,,,,,,
Piller,Sack/plunder,Saquear,Saccheggiare,Saquear,???????,Plündern,Plyndre,Plunderen,,,,,,,,,,,,,,
Moissonner,Reap,Segar,Mietere,Ceifar,??????,Mähen,Skjære,Maaiën,,,,,,,,,,,,,,
Ressembler,Resemble,Semejar,Somigliare,Assemelhar,??????,Ähneln,Ligne,Lijken op,,,,,,,,,,,,,,
Condamner,Sentence,Sentenciar/condenar,Condannare,Sentenciar/condenar,??????????,Verurteilen,Dømme,Veroordelen,,,,,,,,,,,,,,
Fredonner,Hum,Tararear,Canticchiare,Cantarolar,???????,Summen,Nynne,Neurieën,,,,,,,,,,,,,,
Toucher,Tap,Tocar,Toccare,Tocar,??????,Tippen,Trykke,Tikken,,,,,,,,,,,,,,
Tolérer,Tolerate,Tolerar,Tollerare,Tolerar,????????,Tolerieren,Tolerere,Verdragen,,,,,,,,,,,,,,
Rencontrer,Run into,Topar,Incontrare,Encontrar,???????,Stoßen,Støte på,Botsen,,,,,,,,,,,,,,
Tordre,Twist,Torcer,Torcere,Torcer,??????,Verdrehen,Vri,Draaien,,,,,,,,,,,,,,
Évaluer,Appraise,Valuar,Valutare,Avaliar,????????,Bewerten,Vurdere,Taxeren,,,,,,,,,,,,,,
Bandager,Bind up,Vendar,Bendare,Enfaixar,??????????,Verbinden,Binde,Verbinden,,,,,,,,,,,,,,
Verser,Pour,Verter,Versare,Derramar,????,Gießen,Helle,Gieten,,,,,,,,,,,,,,
Entrevoir,Glimpse,Vislumbrar,Intravedere,Vislumbrar,????????,Erblicken,Skjelne,Bespeuren,,,,,,,,,,,,,,
Crier,Shout,Vociferar,Urlare,Vociferar,??????,Schreien,Rope,Schreeuwen,,,,,,,,,,,,,,
Renverser,Overturn,Volcar,Rovesciare,Virar,?????????????,Umkippen,Velte,Omdraaien,,,,,,,,,,,,,,
S'échapper,Get away,Zafarse,Sfuggire,Escapar,???????,Entkommen,Komme seg unna,Ontsnappen,,,,,,,,,,,,,,
Plonger,Plunge,Zambullir,Tuffare,Mergulhar,?????,Eintauchen,Dykke,Duiken,,,,,,,,,,,,,,
,,,,,,,,,,,,,,,,,,,,,,
Éventail,Fan,Abanico/Abano,Ventaglio,Leque,????????,Fächer,Vifte,Waaier,,,,,,,,,,,,,,
Approvisionnement,Supply,Abasto,Fornitura,Abastecimento,?????????,Versorgung,Forsyning,Voorraad,,,,,,,,,,,,,,
Abreuvoir,Trough,Abrevadero,Abbeveratoio,Bebedouro,????????,Tränke,Trug,Drinkbak,,,,,,,,,,,,,,
Chardon,Thistle,Abrojo,Cardo,Cardo,?????????????,Distel,Tistel,Distel,,,,,,,,,,,,,,
Adhésion,Accession,Adhesión,Adesione,Adesão,??????????,Beitritt,Tilgang,Toetreding,,,,,,,,,,,,,,
Ardeur,Eagerness,Afán,Desiderio,Afã,????????,Eifer,Iver,Iver,,,,,,,,,,,,,,
Galle,Gall,Agalla,Galla,Galha,????,Kieme,Galle,Gal,,,,,,,,,,,,,,
Aile,Wing,Ala,Ala,Asa,?????,Flügel,Vinge,Vleugel,,,,,,,,,,,,,,
Nageoire,Fin,Aleta,Pinna,Barbatana,????????,Flosse,Finne,Vin,,,,,,,,,,,,,,
Pince à bec,Needle-nose pliers,Alicates de punta,Pinze a becco,Alicate de bico,????? ??????,Spitzzange,Spissbittang,Pijptang,,,,,,,,,,,,,,
Aride,Dry,Árido,Arido,Árido,?????,Trocken,Tørr,Droog,,,,,,,,,,,,,,
Astéroïde,Asteroid,Asteroide,Asteroide,Asteroide,???????????,Asteroid,Asteroide,Asteroïde,,,,,,,,,,,,,,
Aurore boréale,Northern Lights,Aurora boreal,Aurora boreale,Aurora boreal,?????? ?????,Nordlicht,Nordlys,Noorderlicht,,,,,,,,,,,,,,
Aventure,Adventure,Aventura,Avventura,Aventura,??????????,Abenteuer,Eventyr,Avontuur,,,,,,,,,,,,,,
Cave,Cellar,Bodega,Cantina,Adega,??????,Keller,Kjeller,Kelder,,,,,,,,,,,,,,
Chaleur,Heat,Calor,Calore,Calor,?????,Hitze,Varme,Hitte,,,,,,,,,,,,,,
Civière,Stretcher,Camilla,Barella,Maca,??????,Trage,Båre,Brancard,,,,,,,,,,,,,,
Bourgeon/Chrysalide,Flower bud/Cocoon,Capullo,Bocciolo,Botão/Casulo,??????????,Knospe,Blomsterknopp,Bloemknop/Cocon,,,,,,,,,,,,,,
Carnivore,Carnivores,Carnívoro,Carnivoro,Carnívoro,??????????,Fleischfresser,Kjøtteter,Vleeseters,,,,,,,,,,,,,,
Brouette,Wheelbarrow,Carretilla,Carriola,Carrinho de mão,??????????? ???????,Schubkarre,Trillebår,Kruiwagen,,,,,,,,,,,,,,
Grelots,Sleigh bells,Cascabeles,Sonagli,Sinos,?????????,Schellen,Bjeller,Sleetbellen,,,,,,,,,,,,,,
Ciel,Sky,Cielo,Cielo,Céu,???????,Himmel,Himmel,Hemel,,,,,,,,,,,,,,
Cytoplasme,Cytoplasm,Citoplasma,Citoplasma,Citoplasma,?????????????,Zytoplasma,Cytoplasma,Cytoplasma,,,,,,,,,,,,,,
Clefs,Clefs,Claves (música),Chiavi,Claves,??????? (???????),Schlüssel,Nøkler,Sleutels,,,,,,,,,,,,,,
Chloroplaste,Chloroplast,Cloroplasto,Cloroplasto,Cloroplasto,????????????,Chloroplast,Kloroplast,Chloroplast,,,,,,,,,,,,,,
Abri,Shed,Cobertizo,Capanno,Galpão,????????,Schuppen,Skur,Schuur,,,,,,,,,,,,,,
Abri pour moutons,Shelter,Cobertizo para ovejas,Rifugio per pecore,Abrigo para ovelhas,????????? ??? ???????,Schafstall,Fjøs,Schaapskooi,,,,,,,,,,,,,,
Chaîne de montagnes,Mountain range,Cordillera,Catena montuosa,Cordilheira,????????,Gebirgskette,Fjellkjede,Bergketen,,,,,,,,,,,,,,
Écorce,Bark,Corteza,Corteccia,Casca,??????,Rinde,Bark,Schors,,,,,,,,,,,,,,
Rivage,Shore,Costa,Costa,Costa,????,Küste,Strand,Kust,,,,,,,,,,,,,,
Crête,Ridge,Cresta,Cresta,Crista,????????????,Kamm,Rygg,Rug,,,,,,,,,,,,,,
Bac,Tray,Cubeta,Vassoio,Bandeja,??????,Schale,Brette,Bak,,,,,,,,,,,,,,
Cube,Cube,Cubo,Cubo,Cubo,?????,Würfel,Kube,Kubus,,,,,,,,,,,,,,
Émail,Enamel,Esmalte,Smalto,Esmalte,???????,Emaille,Emalje,Email,,,,,,,,,,,,,,
Fanon,Fetlock,Espolón,Sperone,Esporão,?????????,Fessel,Hæl,Koot,,,,,,,,,,,,,,
Étang,Pond,Estanque,Stagno,Lagoa,????????,Teich,Dam,Vijver,,,,,,,,,,,,,,
Détroit,Strait,Estrecho,Stretto,Estreito,?????,Meerenge,Sund,Zeestraat,,,,,,,,,,,,,,
Expérience,Experience,Experiencia,Esperienza,Experiência,????????,Erfahrung,Erfaring,Ervaring,,,,,,,,,,,,,,
Fosse,Trench,Fosa,Fossato,Trincheira,??????,Graben,Grøft,Greppel,,,,,,,,,,,,,,
Gaine,Sheath,Funda,Fodera,Bainha,????,Scheide,Slire,Schede,,,,,,,,,,,,,,
Cornemuse,Bagpipes,Gaita,Cornamusa,Gaita,???????,Dudelsack,Sekkepipe,Doedelzak,,,,,,,,,,,,,,
Élevage,Husbandry,Ganadería,Allevamento,Pecuária,???????????,Viehzucht,Husdyrhold,Veeteelt,,,,,,,,,,,,,,
Griffe,Talon,Garra,Artiglio,Garra,????,Klaue,Klo,Klauw,,,,,,,,,,,,,,
Crevasse,Crevasse,Grieta,Crepa,Fenda,?????,Spalte,Sprekk,Spleet,,,,,,,,,,,,,,
Hélium,Helium,Helio,Elio,Hélio,????,Helium,Helium,Helium,,,,,,,,,,,,,,
Nid-de-poule,Pothole,Hoyo,Buca,Buraco,??????,Schlagloch,Hull,Kuil,,,,,,,,,,,,,,
Faucille,Sickle,Hoz,Falce,Foice,???????,Sichel,Sigd,Sikkel,,,,,,,,,,,,,,
Jardin potager,Vegetable garden,Huerto,Orto,Horta,?????,Gemüsegarten,Kjøkkenhage,Moestuin,,,,,,,,,,,,,,
Seringue,Syringe,Jeringuilla,Siringa,Seringa,???????,Spritze,Sprøyte,Spuit,,,,,,,,,,,,,,
Krypton,Krypton,Kriptón,Kripton,Criptônio,??????,Krypton,Krypton,Krypton,,,,,,,,,,,,,,
Plaine,Plain,Llanura,Pianura,Planície,???????,Ebene,Slette,Vlakte,,,,,,,,,,,,,,
Magnésium,Magnesium,Magnesio,Magnesio,Magnésio,????????,Magnesium,Magnesium,Magnesium,,,,,,,,,,,,,,
Tuyau,Hose,Manguera,Tubo flessibile,Mangueira,???????,Schlauch,Slange,Slang,,,,,,,,,,,,,,
Maillet,Mallet,Mazo,Mazza,Malho,?????,Holzhammer,Hammer,Hamer,,,,,,,,,,,,,,
Moelle,Pith,Médula,Midollo,Medula,??????,Mark,Marg,Merg,,,,,,,,,,,,,,
Mixte,Mixed,Mixto,Misto,Misto,??????,Gemischt,Blandet,Gemengd,,,,,,,,,,,,,,
Béquille d'aisselle,Underarm crutch,Muleta de sobaco,Stampella,Muleta de axila,?????????,Gehstütze,Krykke,Kruk,,,,,,,,,,,,,,
Océan,Ocean,Océano,Oceano,Oceano,???????,Ozean,Hav,Oceaan,,,,,,,,,,,,,,
Vague,Wave,Ola,Onda,Onda,????,Welle,Bølge,Golf,,,,,,,,,,,,,,
Pied-de-biche,Pry bar,Palanca (herramienta),Leva,Alavanca,??????,Brechstange,Brekkjern,Hefboom,,,,,,,,,,,,,,
Tambourin,Tambourine,Pandereta,Tamburello,Pandeiro,?????,Tamburin,Tamburin,Tamboerijn,,,,,,,,,,,,,,
Allée,Aisle,Pasillo,Corridoio,Corredor,?????????,Gang,Midtgang,Gang,,,,,,,,,,,,,,
Portée,Staff,Pentagrama,Pentagramma,Pentagrama,???????????,Notenschlüssel,Notelinje,Notenbalk,,,,,,,,,,,,,,
Parfum,Fragrance,Perfume,Profumo,Perfume,?????,Parfüm,Parfyme,Geur,,,,,,,,,,,,,,
Boulon,Bolt,Perno,Bullone,Parafuso,????????,Bolzen,Bolt,Bout,,,,,,,,,,,,,,
Sabot,Hoof,Pesuña,Zoccolo,Casco (de animal),????,Huf,Hov,Hoef,,,,,,,,,,,,,,
Pétrichor,Petrichor,Petricor,Petricore,Petricor,????????,Petrichor,Jordlukt etter regn,Petrichor,,,,,,,,,,,,,,
Griffe,Claw,Pinza (animal),Artiglio,Garra,????,Klaue,Klo,Klauw,,,,,,,,,,,,,,
Plomb,Lead/Plumb,Plomo,Piombo,Chumbo,????????,Blei,Bly,Lood,,,,,,,,,,,,,,
Porcherie,Pigsty,Pocilga,Porcile,Chiqueiro,???? ??????????,Schweinestall,Grisestall,Varkenshok,,,,,,,,,,,,,,
Puits,Shaft,Pozo,Pozzo,Poço,?????,Schacht,Sjakt,Schacht,,,,,,,,,,,,,,
Pâturage permanent,Permanent pasture,Prado,Prato permanente,Pastagem permanente,?????? ??????????,Weide,Permanent beite,Grasland,,,,,,,,,,,,,,
Presse,Press,Prensa,Stampa,Prensa,?????,Presse,Presse,Pers,,,,,,,,,,,,,,
Pont,Bridge,Puente,Ponte,Ponte,??????,Brücke,Bro,Brug,,,,,,,,,,,,,,
Pointe,Tip,Punta,Punta,Ponta,????,Spitze,Spiss,Punt,,,,,,,,,,,,,,
Carat,Carat,Quilate,Carato,Quilate,??????,Karat,Karat,Karaat,,,,,,,,,,,,,,
Racines,Roots,Raíz,Radici,Raiz,?????,Wurzel,Røtter,Wortel,,,,,,,,,,,,,,
Râteau,Rake,Rastrillo,Rastrello,Rastelo,?????,Rechen,Rive,Hark,,,,,,,,,,,,,,
Règne,Reign,Reinado,Regno,Reinado,????????,Herrschaft,Regjering,Regering,,,,,,,,,,,,,,
Salpêtre,Saltpeter,Salitre,Salnitro,Salitre,?????????,Salpeter,Salpeter,Salpeter,,,,,,,,,,,,,,
Salubrité,Healthiness,Salubridad,Salute,Salubridade,???????,Gesundheit,Helsemessighet,Gezondheid,,,,,,,,,,,,,,
Pillage,Pillage,Saqueo,Saccheggio,Saque,???????? (Leilasía),Plünderung,Plyndring,Plundering,,,,,,,,,,,,,,
Sève,Sap,Savia,Linfa,Seiva,????? (Chymós),Saft,Sevje,Sap,,,,,,,,,,,,,,
Suif,Tallow,Sebo,Sebo,Sebo,????? (Lípos),Talg,Talg,Talg,,,,,,,,,,,,,,
Homme de main,Henchman,Secuaz,Scagnozzo,Capanga,??????????? (Ypotaktikós),Handlanger,Medløper,Handlanger,,,,,,,,,,,,,,
Sélection,Selection,Selección,Selezione,Seleção,??????? (Epilogí),Auswahl,Utvalg,Selectie,,,,,,,,,,,,,,
Sceau,Seal,Sello,Sigillo,Selo,???????? (Sfragída),Siegel,Segl,Zegel,,,,,,,,,,,,,,
Jugement,Judgment,Sentencia,Sentenza,Sentença,???????? (Katadíki),Urteil,Dom,Vonnis,,,,,,,,,,,,,,
Bloc,Block,Tajo,Blocco,Bloco,??????? (Kommáti),Block,Blokk,Blok,,,,,,,,,,,,,,
Tamis,Sieve,Tamiz,Setaccio,Peneira,??????? (Koskíni),Sieb,Sikt,Zeef,,,,,,,,,,,,,,
Tarif,The fee,Tarifa,Tariffa,Tarifa,????????? (Timológio),Gebühr,Avgift,Het tarief,,,,,,,,,,,,,,
Tissage,Knitting,Tejido (tejer),Tessuto,Tecido (tricô),??????? (Pléximo),Stricken,Strikking,Breien,,,,,,,,,,,,,,
Pince,Pincers,Tenaza,Tenaglia,Tenaz,??????? (Tanália),Zange,Tang,Tang,,,,,,,,,,,,,,
Tension,Strain,Tensión,Tensione,Tensão,???? (Tási),Spannung,Strekk,Spanning,,,,,,,,,,,,,,
Tendresse,Tenderness,Ternura,Tenerezza,Ternura,??????????? (Tryferótita),Zärtlichkeit,Ømhet,Tederheid,,,,,,,,,,,,,,
Tétraèdre,Tetrahedron,Tetraedro,Tetraedro,Tetraedro,????????? (Tetráedro),Tetraeder,Tetraeder,Tetraëder,,,,,,,,,,,,,,
Tente,Tent,Tienda de campaña,Tenda,Barraca,????? (Ténta),Zelt,Telt,Tent,,,,,,,,,,,,,,
Nuisance,Nuisance,Tontería,Sciocchezza,Bobagem,??????? (Anoisía),Unsinn,Plage,Overlast,,,,,,,,,,,,,,
Vis,Screw,Tornillo,Vite,Parafuso,???? (Vída),Schraube,Skrue,Schroef,,,,,,,,,,,,,,
Tragédie,Tragedy,Tragedia,Tragedia,Tragédia,???????? (Tragodía),Tragödie,Tragedie,Tragedie,,,,,,,,,,,,,,
Transaction,Transaction,Transacción,Transazione,Transação,????????? (Synallagí),Transaktion,Transaksjon,Transactie,,,,,,,,,,,,,,
Uxoricide,Uxoricide,Uxoricidio,Uxoricidio,Uxoricídio,????????????? (Gynaikoktonía),Femizid,Uxoricid,Vrouwenmoord,,,,,,,,,,,,,,
Évaluation,Assessment,Valoración,Valutazione,Avaliação,?????????? (Axiologísi),Bewertung,Vurdering,Beoordeling,,,,,,,,,,,,,,
Rosée/Volée de coups,Beating,Vapuleo/Paliza,Pestaggio,Surra,?????????? (Xylodarmós),Prügel,Juling,Afranseling,,,,,,,,,,,,,,
Vase,Vessel,Vasija,Vaso,Vasilha,?????? (Angío),Gefäß,Kar,Vat,,,,,,,,,,,,,,
Vieillesse,Old age,Vejez,Vecchiaia,Velhice,???????? (Girateiá),Alter,Alderdom,Ouderdom,,,,,,,,,,,,,,
Vilain,Villain,Villano,Cattivo,Vilão,????????? (Kakopoiós),Schurke,Skurk,Schurk,,,,,,,,,,,,,,
Violon,Fiddle,Violín,Violino,Violino,????? (Violí),Geige,Fiolin,Viool,,,,,,,,,,,,,,
Vue,Sight,Visión,Vista,Visão,????? (Órasi),Sicht,Syn,Zicht,,,,,,,,,,,,,,
Vitrine,Showcase,Vitrina,Vetrina,Vitrina,??????? (Vitrína),Vitrine,Utstillingsvindu,Vitrine,,,,,,,,,,,,,,
Vocabulaire,Vocabulary,Vocabulario,Vocabolario,Vocabulário,????????? (Lexilógio),Vokabular,Ordforråd,Woordenschat,,,,,,,,,,,,,,
Xanthophylle,Xanthophyll,Xantofila,Xantofilla,Xantofila,?????????? (Xanthofýlli),Xanthophyll,Xantofyll,Xantofyl,,,,,,,,,,,,,,
Le frère cadet,The younger brother,Xocoyote,Fratello minore,Caçula,? ?????????? ??????? (O mikróteros adelfós),Der jüngere Bruder,Den yngre broren,De jongere broer,,,,,,,,,,,,,,
Plâtre,Cast,Yeso,Gesso,Gesso,????? (Gýpsos),Gips,Gips,Gips,,,,,,,,,,,,,,
Iode,Iodine,Yodo,Iodio,Iodo,????? (Iódio),Jod,Jod,Jodium,,,,,,,,,,,,,,
Zinc,Zinc,Zinc,Zinco,Zinco,??????????? (Psevdárgyros),Zink,Sink,Zink,,,,,,,,,,,,,,
Zombie,Zombie,Zombi,Zombi,Zumbi,????? (Zómpi),Zombie,Zombie,Zombie,,,,,,,,,,,,,,
Ceux d'en bas acceptent les ordres...,Those below accept the orders of their superiors,Los que están abajo aceptan las órdenes de sus superiores,Quelli che stanno sotto accettano gli ordini dei loro superiori,Os que estão embaixo aceitam as ordens dos seus superiores,???? ????? ???? ???????? ??? ??????? ??? ???????? ????,Die unten akzeptieren die Befehle ihrer Vorgesetzten,De underordnede aksepterer ordrene fra sine overordnede,Degenen onderaan accepteren de orders van hun meerderen,,,,,,,,,,,,,,
Vous cassez,You break,Ustedes rompen,Voi rompete,Vocês quebram,????? ?????,Ihr brecht,Dere bryter,Jullie breken,,,,,,,,,,,,,,
Il vit plus bas sur la route,He lives down the road,Vive camino abajo,Vive più in basso,Ele mora mais abaixo,??? ???? ??? ?? ?????,Er lebt weiter unten,Han bor nedover veien,Hij woont verderop,,,,,,,,,,,,,,
Je bouge,I move,Yo muevo,Io muovo,Eu me movo,??? ????????,Ich bewege,Jeg flytter,Ik beweeg,,,,,,,,,,,,,,
